City_ID,City,Lat,Lng,Max Temp,Humidity,Cloudiness,Wind Speed,Country,Date
0,college,64.8569,-147.8028,21.86,57,20,2.57,US,1722883005
1,termas de rio hondo,-27.4998,-64.8604,22.74,42,8,2.95,AR,1722883006
2,fort mcmurray,56.7268,-111.381,22.73,43,0,3.6,CA,1722882779
3,iskateley,67.6803,53.1512,6.48,83,3,5.32,RU,1722883008
4,tual,-5.6667,132.75,25.25,85,97,9.29,ID,1722883009
5,paragominas,-2.9667,-47.4833,35.98,26,74,2.61,BR,1722883010
6,papatowai,-46.5619,169.4708,5.08,84,32,3.38,NZ,1722883011
7,selfoss,63.9331,-20.9971,12.25,96,100,0.83,IS,1722883012
8,broken hill,-31.95,141.4333,5.01,92,0,2.27,AU,1722883013
9,port-aux-francais,-49.35,70.2167,1.01,72,12,5.54,TF,1722883014
10,ilulissat,69.2167,-51.1,9.01,76,20,2.57,GL,1722883008
11,shyryayeve,47.3805,30.1964,24.62,29,100,1.36,UA,1722883017
12,sinop,41.7711,34.8709,17.35,96,75,0.95,TR,1722883018
13,hassi messaoud,31.6804,6.0729,38.92,16,0,2.06,DZ,1722883019
14,olonkinbyen,70.9221,-8.7187,6.37,96,99,2.45,SJ,1722882785
15,albany,42.6001,-73.9662,28.58,62,96,0.45,US,1722882762
16,badger,64.8,-147.5333,22.03,58,20,2.57,US,1722883024
17,mikun',62.3547,50.0771,13.95,98,98,2.88,RU,1722883026
18,adamstown,-25.066,-130.1015,19.49,65,21,5.49,PN,1722883027
19,kavieng,-2.5744,150.7967,27.4,79,100,4.97,PG,1722883028
20,fisterra,42.9049,-9.2629,25.01,94,9,3.98,ES,1722883029
21,kerikeri,-35.2268,173.9474,6.06,94,1,1.63,NZ,1722883030
22,udachny,66.4167,112.4,10.31,88,100,7.89,RU,1722883031
23,horta,38.5333,-28.6333,25.57,89,20,5.14,PT,1722883018
24,camacupa,-12.0167,17.4833,21.0,19,3,1.43,AO,1722883033
25,kingston,17.997,-76.7936,33.53,66,20,9.77,JM,1722882584
26,carnarvon,-24.8667,113.6333,17.0,59,0,2.57,AU,1722883035
27,bilibino,68.0546,166.4372,2.21,68,84,1.83,RU,1722883037
28,sambalpur,21.45,83.9667,25.58,91,100,3.32,IN,1722883038
29,yellowknife,62.456,-114.3525,20.19,56,75,4.47,CA,1722882785
30,bethel,41.3712,-73.414,30.49,57,0,2.57,US,1722882858
31,blackmans bay,-43.0167,147.3167,10.01,75,100,0.89,AU,1722883041
32,lebu,-37.6167,-73.65,10.68,65,73,2.98,CL,1722883042
33,kambar,27.5868,68.001,31.88,64,99,4.46,PK,1722883043
34,manokwari,-0.8667,134.0833,25.9,80,61,3.23,ID,1722883044
35,mammoth lakes,37.6485,-118.9721,25.85,18,0,3.6,US,1722883046
36,luchegorsk,46.4764,134.2569,22.09,91,100,4.5,RU,1722883047
37,cheadle,52.9833,-1.9833,20.63,93,100,5.71,GB,1722883048
38,pisco,-13.7,-76.2167,19.08,72,1,4.12,PE,1722883049
39,leh,34.1667,77.5833,14.38,65,82,1.56,IN,1722883051
40,myrina,39.8797,25.0742,26.58,57,0,0.0,GR,1722883052
41,iqaluit,63.7506,-68.5145,8.72,76,100,3.09,CA,1722883053
42,waitangi,-43.9535,-176.5597,8.23,94,86,2.24,NZ,1722883054
43,chonchi,-42.6128,-73.8092,8.4,97,100,1.75,CL,1722883055
44,kodiak,57.79,-152.4072,11.73,100,100,7.2,US,1722883056
45,uzhur,55.3036,89.8339,15.02,91,100,2.95,RU,1722882794
46,margaret river,-33.95,115.0667,16.28,84,99,7.62,AU,1722883059
47,quimili,-27.6333,-62.4167,27.0,36,0,2.48,AR,1722883060
48,bredasdorp,-34.5322,20.0403,8.78,83,0,3.44,ZA,1722883061
49,sadjoavato,-12.6334,49.349,19.79,89,26,2.86,MG,1722883062
50,crucecita,-28.95,-58.9833,24.57,68,95,3.14,AR,1722883063
51,karratha,-20.7377,116.8463,17.79,39,29,3.37,AU,1722883065
52,whitehorse,60.7161,-135.0538,20.3,40,0,6.17,CA,1722882818
53,ushuaia,-54.8,-68.3,-0.19,69,20,0.0,AR,1722882819
54,puerto baquerizo moreno,-0.9,-89.6,22.55,88,75,5.14,EC,1722883068
55,concepcion,-36.827,-73.0498,11.89,71,75,3.09,CL,1722883031
56,acapulco de juarez,16.8634,-99.8901,25.9,89,100,2.06,MX,1722882934
57,shimoda,34.6667,138.95,25.61,88,8,1.55,JP,1722882807
58,richfield,44.8833,-93.283,20.18,90,100,5.14,US,1722883072
59,hermanus,-34.4187,19.2345,11.38,79,12,5.63,ZA,1722883073
60,mandera,3.9366,41.867,29.7,35,89,5.0,KE,1722883075
61,kigoma,-4.8769,29.6267,23.76,54,0,1.31,TZ,1722883076
62,ati,13.2154,18.3353,23.82,90,99,2.47,TD,1722883077
63,afaahiti,-17.75,-149.2833,24.93,75,86,5.33,PF,1722883080
64,klyuchi,52.2667,79.1667,18.06,69,40,2.96,RU,1722883081
65,hamilton,39.1834,-84.5333,32.71,53,0,4.12,US,1722882819
66,qaqortoq,60.7167,-46.0333,9.45,69,100,1.65,GL,1722883083
67,ajaccio,42.0,8.9167,24.7,78,0,3.09,FR,1722883084
68,port pirie,-33.1833,138.0167,7.86,85,11,1.79,AU,1722883085
69,p'ot'i,42.1462,41.672,24.46,79,1,1.2,GE,1722883086
70,ponta delgada,37.7333,-25.6667,26.4,83,20,5.14,PT,1722883094
71,flying fish cove,-10.4217,105.6791,24.82,83,100,5.14,CX,1722883099
72,thompson,55.7435,-97.8558,21.09,37,20,2.57,CA,1722883101
73,bengkulu,-3.8004,102.2655,23.33,92,9,2.7,ID,1722883102
74,owando,-0.4819,15.8999,26.93,56,97,1.44,CG,1722883103
75,shwebo,22.5667,95.7,24.89,93,100,3.2,MM,1722883105
76,yaren,-0.5472,166.916,28.57,70,11,4.8,NR,1722883106
77,hammerfest,70.6634,23.6821,18.06,61,7,1.73,NO,1722883107
78,ust'-ilimsk,58.0006,102.6619,12.8,70,6,1.14,RU,1722883095
79,sangin,32.0728,64.8359,34.43,18,3,3.59,AF,1722883111
80,pacific grove,36.6177,-121.9166,14.08,95,100,5.36,US,1722883112
81,prineville,44.2999,-120.8345,28.97,31,0,1.54,US,1722883113
82,wailua homesteads,22.0669,-159.378,26.28,72,0,5.14,US,1722883114
83,alamogordo,32.8995,-105.9603,31.26,36,0,2.06,US,1722883115
84,praia da vitoria,38.7333,-27.0667,28.14,69,40,3.2,PT,1722883116
85,remire-montjoly,4.9167,-52.2667,32.02,66,40,7.2,GF,1722882947
86,tibati,6.4667,12.6333,20.63,93,100,0.34,CM,1722883118
87,puerto leguizamo,-0.1934,-74.7819,25.89,94,76,1.41,CO,1722883120
88,isafjordur,66.0755,-23.124,11.02,76,75,7.2,IS,1722883124
89,grytviken,-54.2811,-36.5092,-8.31,76,100,4.8,GS,1722883125
90,lorengau,-2.0226,147.2712,26.93,81,87,3.27,PG,1722883126
91,zakamensk,50.3741,103.2863,11.71,94,100,0.59,RU,1722883127
92,puerto natales,-51.7236,-72.4875,1.25,86,40,1.03,CL,1722882840
93,hiriyur,13.9456,76.6192,23.76,84,100,6.14,IN,1722883129
94,geraldton,-28.7667,114.6,9.23,93,0,5.66,AU,1722883130
95,baukau,51.5526,7.2042,24.01,61,63,1.46,DE,1722883131
96,el calafate,-50.3408,-72.2768,0.45,86,71,2.09,AR,1722883132
97,mwene-ditu,-7.0,23.45,25.66,21,3,1.41,CD,1722883133
98,moengo,5.6167,-54.4,33.07,48,84,1.77,SR,1722883134
99,iron river,46.0927,-88.6423,21.97,43,100,1.11,US,1722883135
100,al fqih ben calah,32.5009,-6.6906,38.4,14,0,5.62,MA,1722883137
101,jamestown,42.097,-79.2353,28.1,68,75,4.47,US,1722883039
102,sandnessjoen,66.0217,12.6316,21.06,68,0,3.6,NO,1722883139
103,lihue,21.9789,-159.3672,26.76,71,0,5.14,US,1722883140
104,ituango,7.1712,-75.764,25.71,71,93,1.6,CO,1722883141
105,edinburgh of the seven seas,-37.0676,-12.3116,13.74,91,92,11.02,SH,1722883142
106,riohacha,11.5444,-72.9072,33.06,70,40,5.14,CO,1722883143
107,mabaruma,8.2,-59.7833,25.48,95,100,1.72,GY,1722883144
108,port alfred,-33.5906,26.891,13.87,60,0,4.81,ZA,1722883145
109,vorgashor,67.5833,63.95,6.22,72,6,3.03,RU,1722883146
110,puerto ayora,-0.7393,-90.3518,24.98,78,59,5.32,EC,1722883148
111,longyearbyen,78.2186,15.6401,10.91,76,20,7.72,SJ,1722883149
112,port mathurin,-19.6833,63.4167,22.44,77,14,8.97,MU,1722883150
113,tura,25.5198,90.2201,24.31,99,100,2.54,IN,1722883152
114,juiz de fora,-21.7642,-43.3503,23.18,52,100,1.25,BR,1722883153
115,nyurba,63.2842,118.3319,14.58,82,97,2.54,RU,1722883154
116,lata,40.1629,-8.3327,22.26,66,0,2.89,PT,1722883155
117,laibin,23.7,109.2667,26.73,86,36,1.58,CN,1722883157
118,changping,40.2186,116.2197,24.8,78,0,1.45,CN,1722883159
119,west island,-12.1568,96.8225,24.99,78,73,3.6,CC,1722883160
120,igarka,67.4667,86.5833,8.67,71,99,5.34,RU,1722883161
121,dunedin,-45.8742,170.5036,5.45,86,32,2.9,NZ,1722883163
122,vanimo,-2.6741,141.3028,24.65,89,99,1.93,PG,1722883164
123,klaksvik,62.2266,-6.589,11.51,85,2,3.46,FO,1722883165
124,merizo village,13.2658,144.6691,26.1,77,100,2.33,GU,1722883167
125,codrington,-38.2667,141.9667,5.77,96,100,5.1,AU,1722883168
126,yerofey pavlovich,53.9667,121.9667,11.31,95,36,1.29,RU,1722883169
127,sullivan,36.5168,-82.5332,31.45,57,40,1.54,US,1722883170
128,utrik,11.2278,169.8474,28.03,81,94,6.73,MH,1722883171
129,nieuw amsterdam,5.8833,-55.0833,35.01,49,40,2.06,SR,1722883172
130,agat village,13.3886,144.6585,26.31,88,0,0.0,GU,1722883173
131,torrington,41.8007,-73.1212,30.34,61,7,0.89,US,1722883175
132,hawaiian paradise park,19.5933,-154.9731,25.95,82,97,0.45,US,1722883176
133,sorong,-0.8833,131.25,24.59,93,71,3.1,ID,1722883177
134,alotau,-10.3069,150.4462,23.04,96,99,2.05,PG,1722883178
135,qianzhou,28.3167,109.7167,25.42,86,74,0.8,CN,1722883179
136,tazovsky,67.4667,78.7,7.8,70,99,5.96,RU,1722883180
137,avarua,-21.2078,-159.775,24.03,83,2,4.12,CK,1722883181
138,kosh-agach,50.0,88.6667,7.98,81,9,1.2,RU,1722883182
139,arawa,-6.2132,155.5367,24.36,91,100,1.44,PG,1722883183
140,east london,-33.0153,27.9116,11.52,66,0,3.09,ZA,1722883184
141,mahabad,36.7631,45.7222,25.65,29,0,1.64,IR,1722883185
142,punta arenas,-53.15,-70.9167,0.85,80,20,4.12,CL,1722883186
143,invercargill,-46.4,168.35,3.34,92,95,1.79,NZ,1722883187
144,gao,16.6362,1.637,34.17,43,21,3.11,ML,1722883189
145,tiksi,71.6872,128.8694,11.34,76,100,2.56,RU,1722883190
146,tommot,58.9564,126.2925,13.96,97,100,2.49,RU,1722883071
147,bokakhat,26.6333,93.6,25.47,97,100,0.96,IN,1722883192
148,kailua-kona,19.6406,-155.9956,26.65,81,40,2.57,US,1722883193
149,saipan,15.1355,145.701,27.39,89,0,2.06,MP,1722883194
150,ribeira grande,38.5167,-28.7,27.22,83,20,5.14,PT,1722883195
151,yazman,29.1212,71.7446,35.83,45,83,3.72,PK,1722883196
152,paradip garh,20.3167,86.6167,28.24,81,100,3.18,IN,1722883197
153,buka,40.8108,69.1986,24.46,25,0,1.49,UZ,1722883198
154,mogok,22.9167,96.5,17.64,99,100,1.06,MM,1722883199
155,punta alta,-38.8759,-62.0736,17.32,35,98,2.63,AR,1722883200
156,talnakh,69.4865,88.3972,8.38,69,0,1.67,RU,1722883201
157,chibougamau,49.9168,-74.3659,13.79,77,100,3.09,CA,1722883202
158,hami,42.8,93.45,27.49,26,7,2.08,CN,1722883204
159,amungan,15.3652,119.9582,26.65,85,96,2.46,PH,1722883205
160,palmer,42.1584,-72.3287,30.37,59,40,1.54,US,1722883206
161,san patricio,28.017,-97.5169,33.55,40,12,2.9,US,1722883207
162,boa vista,2.8197,-60.6733,31.99,55,40,2.06,BR,1722883036
163,trincomalee,8.5711,81.2335,26.67,82,57,7.1,LK,1722883212
164,mendi,-6.1761,143.6513,11.23,98,100,1.45,PG,1722883213
165,urucara,-2.5364,-57.76,37.3,23,6,2.6,BR,1722883214
166,kapuskasing,49.4169,-82.4331,19.0,48,75,3.6,CA,1722883215
167,georgetown,5.4112,100.3354,26.97,78,20,1.03,MY,1722883037
168,kyzyl-mazhalyk,51.1333,90.6,13.33,91,98,1.63,RU,1722883217
169,lloydminster,53.2835,-110.0016,14.12,94,100,6.17,CA,1722883162
170,carloforte,39.145,8.3058,24.61,81,94,6.66,IT,1722883219
171,orapa,-21.2833,25.3667,18.58,19,0,4.47,BW,1722883221
172,enewetak,11.3474,162.3373,28.64,73,83,2.19,MH,1722883222
173,polyarnyy,69.1989,33.4478,11.07,75,3,2.6,RU,1722883223
174,eureka,40.8021,-124.1637,15.07,90,88,0.89,US,1722883111
175,luderitz,-26.6481,15.1594,13.32,66,0,7.35,NA,1722883225
176,radzyn podlaski,51.7833,22.6167,14.76,89,100,2.72,PL,1722883226
177,divnomorskoye,44.5011,38.1353,22.37,84,24,2.03,RU,1722883227
178,thanh pho uong bi,21.0333,106.7833,28.99,92,84,1.77,VN,1722883228
179,maile,-38.9466,-72.3727,9.34,91,100,3.07,CL,1722883229
180,pervomayskoye,43.919,46.7102,23.97,70,41,2.35,RU,1722883230
181,siuna,13.7332,-84.7773,31.95,56,45,2.16,NI,1722883231
182,saint-pierre,-21.3393,55.4781,18.82,68,0,3.09,RE,1722883232
183,port elizabeth,-33.918,25.5701,12.84,65,0,3.6,ZA,1722883233
184,mahajanga,-15.7167,46.3167,20.01,88,0,1.03,MG,1722883234
185,alta,69.9689,23.2717,22.59,43,0,3.09,NO,1722883236
186,walvis bay,-22.9575,14.5053,13.38,80,0,2.97,NA,1722883237
187,kourou,5.1552,-52.6478,32.03,62,3,4.65,GF,1722883238
188,ouargla,31.9493,5.325,40.04,13,0,3.09,DZ,1722883243
189,batabano,22.7164,-82.2881,32.07,72,100,4.02,CU,1722883246
190,toliara,-23.35,43.6667,20.99,74,0,2.91,MG,1722883248
191,qarauyl,48.9451,79.255,19.64,47,5,2.47,KZ,1722883250
192,puerto madryn,-42.7692,-65.0385,12.27,62,100,4.58,AR,1722883192
193,wabag,-5.4781,143.7021,10.92,98,72,1.38,PG,1722883253
194,ouallam,14.3188,2.0866,33.63,48,13,1.74,NE,1722883254
195,port saint john's,-31.6229,29.5448,13.92,71,0,2.86,ZA,1722883255
196,kapa'a,22.0752,-159.319,27.17,69,0,5.14,US,1722883256
197,atafu village,-8.5421,-172.5159,27.92,75,26,2.29,TK,1722883257
198,reghin-sat,46.7833,24.7167,20.63,55,100,1.47,RO,1722883259
199,lemont,41.6736,-88.0017,31.6,73,40,3.09,US,1722883260
200,ribeira brava,32.65,-17.0667,25.64,72,66,3.56,PT,1722883261
201,loukhi,66.0764,33.0381,12.18,72,80,1.71,RU,1722883262
202,tolanaro,-25.0319,46.9987,19.04,88,0,0.0,MG,1722883263
203,alderetes,-26.8167,-65.1333,25.21,26,0,2.43,AR,1722883264
204,cabo san lucas,22.8909,-109.9124,32.08,42,40,3.6,MX,1722883265
205,dudinka,69.4058,86.1778,7.88,68,17,7.87,RU,1722883267
206,likiep,9.8251,169.3107,28.19,80,100,6.04,MH,1722883268
207,monticello,45.3055,-93.7941,17.95,95,100,4.12,US,1722883245
208,beyneu,45.3167,55.2,33.85,24,0,4.7,KZ,1722883278
209,wuyang,31.9925,116.2472,28.03,82,13,1.6,CN,1722883279
210,broome,42.2506,-75.833,28.89,55,100,3.6,US,1722883280
211,mossel bay,-34.1831,22.146,11.96,63,0,2.32,ZA,1722883281
212,sambava,-14.2667,50.1667,21.89,84,72,4.11,MG,1722883283
213,mount isa,-20.7333,139.5,16.87,67,100,4.12,AU,1722883284
214,smara,26.7384,-11.6719,30.5,26,0,9.47,EH,1722883285
215,vila velha,-20.3297,-40.2925,25.53,74,20,5.66,BR,1722883286
216,adiake,5.2863,-3.304,23.04,90,100,3.11,CI,1722883289
217,quibala,-10.7337,14.98,19.92,64,1,1.37,AO,1722883290
218,taunsa,30.7048,70.6505,36.06,48,0,2.23,PK,1722883291
219,stanley,54.868,-1.6985,21.71,77,75,2.57,GB,1722883292
220,misratah,32.3754,15.0925,29.0,60,0,5.04,LY,1722883293
221,filadelfia,39.9523,-75.1638,33.32,53,20,6.69,US,1722883215
222,aasiaat,68.7098,-52.8699,3.05,88,64,1.21,GL,1722883295
223,ghat,24.9647,10.1728,35.97,12,0,6.91,LY,1722883297
224,cadale,2.7603,46.3222,24.81,81,3,9.87,SO,1722883299
225,lerwick,60.1545,-1.1494,14.0,91,100,2.12,GB,1722883300
226,macheng,31.1783,115.0319,27.9,79,23,1.3,CN,1722883301
227,barkhan,29.8977,69.5256,27.74,62,72,1.87,PK,1722883302
228,berea,41.3662,-81.8543,29.61,67,75,5.14,US,1722883303
229,mutoko,-17.397,32.2268,15.28,24,2,1.41,ZW,1722883304
230,sidney,-33.8679,151.2073,9.62,85,40,3.09,AU,1722883281
231,tchintabaraden,15.8969,5.7985,33.67,42,58,4.24,NE,1722883306
232,yongchuan,29.3514,105.8947,26.26,87,2,0.62,CN,1722883307
233,sarandi del yi,-33.35,-55.6333,15.28,94,100,6.97,UY,1722883308
234,marco island,25.9363,-81.7157,30.61,78,100,9.71,US,1722883309
235,sept-iles,50.2001,-66.3821,22.2,46,75,6.17,CA,1722883247
236,dutsen wai,10.8501,8.199,22.42,82,100,2.75,NG,1722883311
237,la passe,45.5549,-0.8967,24.12,74,0,5.06,FR,1722883312
238,dalandzadgad,43.5708,104.425,25.21,29,87,3.17,MN,1722883314
239,gurlan,41.8447,60.3919,27.04,19,0,4.08,UZ,1722883315
240,constantia,44.1833,28.65,24.38,61,100,5.4,RO,1722883316
241,st. john's,47.5649,-52.7093,23.26,87,100,11.32,CA,1722883317
242,akhmim,26.5622,31.745,37.11,15,39,2.98,EG,1722883318
243,opuwo,-18.0607,13.84,21.41,18,0,0.25,NA,1722883320
244,newman,37.3138,-121.0208,31.02,18,0,0.97,US,1722883321
245,jumla,29.2747,82.1838,16.31,89,100,0.59,NP,1722883322
246,puttalam,8.0362,79.8283,27.26,82,95,7.31,LK,1722883323
247,kununurra,-15.7667,128.7333,16.99,88,100,2.06,AU,1722883324
248,onega,63.9061,38.1404,11.45,79,28,2.64,RU,1722883326
249,neon karlovasion,37.7903,26.7044,29.87,59,0,3.31,GR,1722883327
250,vadso,70.0744,29.7487,11.09,87,0,5.14,NO,1722883328
251,mukalla,14.5425,49.1242,28.11,81,100,2.93,YE,1722883329
252,gulf breeze,30.3571,-87.1639,33.58,60,0,6.17,US,1722883291
253,port lincoln,-34.7333,135.8667,9.22,91,99,4.21,AU,1722883332
254,qeshm,26.9581,56.2719,32.93,80,57,7.87,IR,1722883333
255,imperatriz,-5.5264,-47.4917,36.03,41,0,3.09,BR,1722883334
256,rosarito,32.3333,-117.0333,27.26,72,97,3.61,MX,1722883335
257,beloyarskiy,63.7119,66.6722,11.5,70,100,3.74,RU,1722883336
258,faya-largeau,17.9257,19.1043,31.45,53,100,6.75,TD,1722883337
259,katima mulilo,-17.5,24.2667,19.57,14,0,1.56,NA,1722883338
260,katsuren-haebaru,26.3369,127.8719,26.69,96,100,5.14,JP,1722883339
261,west wodonga,-36.1257,146.8486,0.5,95,6,1.38,AU,1722883341
262,salekhard,66.53,66.6019,6.86,68,76,5.12,RU,1722883342
263,amalapuram,16.5833,82.0167,26.85,88,100,1.36,IN,1722883343
264,mwinilunga,-11.7358,24.4293,18.69,19,0,2.42,ZM,1722883344
265,ancud,-41.8697,-73.8203,8.21,91,100,6.49,CL,1722883345
266,hafar al-batin,28.4328,45.9708,37.32,10,0,3.09,SA,1722883346
267,nova sintra,14.8667,-24.7167,27.56,71,42,2.07,CV,1722883347
268,kidal,18.4411,1.4078,29.2,57,64,9.46,ML,1722883348
269,guerrero negro,27.9769,-114.0611,27.98,49,100,4.09,MX,1722883349
270,auki,-8.7676,160.7034,23.4,92,100,3.59,SB,1722883350
271,les cayes,18.2,-73.75,31.98,63,2,4.83,HT,1722883351
272,sumbe,-11.2061,13.8437,20.48,89,58,2.36,AO,1722883352
273,oroshaza,46.5667,20.6667,21.71,53,100,7.11,HU,1722883353
274,ust-nera,64.5667,143.2,11.54,66,99,2.08,RU,1722883354
275,port augusta,-32.5,137.7667,6.62,83,16,0.77,AU,1722883355
276,banda aceh,5.5577,95.3222,27.03,78,100,5.28,ID,1722883356
277,baijiantan,45.6333,85.1833,29.58,24,55,5.11,CN,1722883357
278,new norfolk,-42.7826,147.0587,9.71,83,100,2.01,AU,1722883359
279,al kharj,24.155,47.3346,37.32,8,89,3.76,SA,1722883262
280,badagry,6.4167,2.8833,24.79,84,86,5.61,NG,1722883361
281,silvassa,20.2667,73.0167,25.45,91,100,3.59,IN,1722883362
282,kangding,30.0513,101.9603,14.26,79,3,2.52,CN,1722883363
283,prado,-17.3411,-39.2208,24.48,67,0,3.39,BR,1722883364
284,bikenibeu village,1.3673,173.1241,28.87,62,99,5.7,KI,1722883365
285,chulakkurgan,43.765,69.1814,26.32,21,80,3.98,KZ,1722883366
286,svetlyy,54.675,20.1347,20.03,94,24,3.8,RU,1722883374
287,san antonio de pale,-1.4014,5.6325,22.2,75,100,4.33,GQ,1722883375
288,fortuna,40.5982,-124.1573,14.64,96,100,0.0,US,1722883376
289,miyako,39.6367,141.9525,22.27,97,87,1.01,JP,1722883377
290,puerto ayacucho,5.6639,-67.6236,24.78,91,100,0.29,VE,1722883378
291,tsiombe,-25.3,45.4833,18.26,91,5,0.9,MG,1722883379
292,petropavlovsk-kamchatsky,53.0452,158.6483,11.33,100,100,1.0,RU,1722883380
293,hadibu,12.65,54.0333,25.64,80,37,8.59,YE,1722883381
294,el dorado,38.7666,-120.5177,31.89,30,0,2.68,US,1722883383
295,kruisfontein,-34.0033,24.7314,8.82,60,0,2.71,ZA,1722883384
296,yigo village,13.5361,144.8886,26.14,89,0,3.09,GU,1722883385
297,juneau,58.3019,-134.4197,19.0,59,0,2.57,US,1722883386
298,barabai,-2.5833,115.3833,23.15,88,100,0.51,ID,1722883387
299,hanceville,34.0607,-86.7675,32.45,48,41,3.06,US,1722883388
300,dalhart,36.0595,-102.5133,33.64,27,0,7.2,US,1722883257
301,montelibano,7.9829,-75.4229,31.06,69,76,2.37,CO,1722883390
302,mirny,62.5353,113.9611,12.78,62,86,2.26,RU,1722883391
303,inhambane,-23.865,35.3833,22.99,68,75,6.17,MZ,1722883392
304,grand baie,-20.0182,57.5802,19.33,79,0,0.89,MU,1722883393
305,cova figueira,14.8905,-24.2934,20.42,84,68,1.48,CV,1722883394
306,colonia,50.9333,6.95,24.52,70,0,1.54,DE,1722883395
307,brisas de zicatela,15.8369,-97.0419,29.29,84,75,3.6,MX,1722883397
308,san andres,12.5847,-81.7006,32.01,70,20,6.17,CO,1722883398
309,harstad,68.799,16.5293,21.41,73,84,0.99,NO,1722883399
310,ghadamis,30.1337,9.5007,33.03,28,0,7.0,LY,1722883400
311,el porvenir,13.7617,-87.3458,31.63,48,22,1.81,HN,1722883401
312,laojunmiao,39.8333,97.7333,22.13,36,7,2.72,CN,1722883402
313,quang ngai,15.1167,108.8,24.1,91,100,1.91,VN,1722883180
314,sangueya,10.7,-14.3667,25.02,93,90,2.55,GN,1722883404
315,salinopolis,-0.6136,-47.3561,28.5,70,55,6.7,BR,1722883405
316,vernon,50.2581,-119.2691,30.0,33,0,1.03,CA,1722883406
317,lompoc,34.6391,-120.4579,19.32,72,0,5.14,US,1722883181
318,masterton,-40.9597,175.6575,1.72,95,0,0.7,NZ,1722883408
319,severnoye,56.3491,78.3619,15.53,93,100,1.8,RU,1722883409
320,fort bragg,35.139,-79.006,29.74,77,75,4.63,US,1722883411
321,la mira,18.035,-102.3266,29.95,64,100,3.25,MX,1722883412
322,westport,41.1415,-73.3579,30.45,55,0,3.09,US,1722883170
323,porto novo,6.4965,2.6036,25.9,81,98,4.99,BJ,1722883414
324,vorkuta,67.5,64.0,6.84,72,6,2.09,RU,1722883418
325,coxen hole,16.3244,-86.5366,30.6,70,0,4.12,HN,1722883423
326,sydney,-33.8679,151.2073,9.63,85,40,3.09,AU,1722882731
327,bardai,11.65,7.2333,23.03,87,100,3.63,NG,1722883426
328,nguruka,-5.1092,31.0419,21.65,21,0,1.49,TZ,1722883427
329,newport,51.5877,-2.9984,20.88,82,68,5.95,GB,1722883428
330,nuuk,64.1835,-51.7216,11.34,66,75,1.54,GL,1722883429
331,lazaro cardenas,17.9583,-102.2,30.09,65,100,3.21,MX,1722883377
332,urangan,-25.3,152.9,18.76,73,4,5.48,AU,1722883431
333,bandar lampung,-5.4254,105.258,21.93,96,100,0.75,ID,1722883432
334,santa fe de antioquia,6.5569,-75.8281,32.11,46,66,0.47,CO,1722883383
335,nampula,-15.1165,39.2666,18.56,70,39,2.31,MZ,1722883434
336,arkhangel'sk,64.5401,40.5433,14.06,88,40,2.0,RU,1722883435
337,griffith,41.5284,-87.4237,30.91,77,0,4.12,US,1722883364
338,murun-kuren,49.6342,100.1625,14.18,72,4,1.24,MN,1722883437
339,paracuru,-3.41,-39.0306,27.28,65,100,7.33,BR,1722883439
340,dikhil,11.5,42.1667,32.11,41,100,3.1,DJ,1722883440
341,chernyshevskiy,63.0128,112.4714,14.95,59,99,1.63,RU,1722883441
342,sines,37.9562,-8.8698,21.83,73,0,5.36,PT,1722883292
343,ulaangom,49.9811,92.0667,18.09,58,100,1.31,MN,1722883443
344,bereznik,62.8551,42.7072,13.67,88,100,1.97,RU,1722883444
345,san agustin,20.5333,-103.4667,23.62,60,40,3.09,MX,1722883445
346,haiku-pauwela,20.9219,-156.3051,25.8,70,0,6.69,US,1722883446
347,vilyuchinsk,52.9306,158.4028,12.15,83,100,0.2,RU,1722883447
348,guilin,25.2819,110.2864,26.06,89,53,0.49,CN,1722883448
349,mount pearl,47.5166,-52.7813,22.92,87,100,11.32,CA,1722883449
350,kuta,-8.7233,115.1723,25.97,89,20,4.63,ID,1722883450
351,mugia,43.1041,-9.2179,22.73,93,10,2.04,ES,1722883451
352,cidreira,-30.1811,-50.2056,17.29,93,83,3.11,BR,1722883453
353,hasaki,35.7333,140.8333,25.22,90,0,2.39,JP,1722883454
354,santarem,-2.4431,-54.7083,32.07,58,20,5.14,BR,1722883455
355,barguzin,53.6167,109.6167,13.69,81,1,0.46,RU,1722883456
356,bujaru,-1.515,-48.0447,32.19,36,36,2.92,BR,1722883457
357,arraial do cabo,-22.9661,-42.0278,26.92,65,0,7.72,BR,1722883388
358,cururupu,-1.8283,-44.8683,30.81,52,100,2.46,BR,1722883459
359,namibe,-15.1961,12.1522,18.02,87,100,1.58,AO,1722883460
360,island harbour,50.724,-1.2758,20.2,75,53,1.79,GB,1722883461
361,ryotsu-minato,38.0833,138.4333,23.32,91,79,2.87,JP,1722883463
362,kamina,-8.7386,24.9906,20.95,17,5,1.83,CD,1722883464
363,saldanha,-33.0117,17.9442,12.03,81,1,4.1,ZA,1722883465
364,dodoma,-6.1722,35.7395,21.23,45,0,4.41,TZ,1722883466
365,tabou,4.423,-7.3528,24.08,85,100,4.3,CI,1722883467
366,dukhovnitskoye,52.4828,48.2137,20.08,79,97,1.85,RU,1722883468
367,morez,46.5254,6.0259,25.73,91,49,0.92,FR,1722883469
368,adygeysk,44.88,39.19,21.9,94,75,2.0,RU,1722883470
369,mnichovo hradiste,50.5272,14.9713,17.91,74,2,1.93,CZ,1722883476
370,touros,-5.1989,-35.4608,26.3,69,86,7.75,BR,1722883477
371,boguchany,58.3814,97.4531,14.98,79,35,1.25,RU,1722883478
372,hojai,26.0,92.8667,25.51,96,100,0.39,IN,1722883479
373,kyakhta,50.3508,106.4494,15.07,68,100,1.01,RU,1722883480
374,tobol'sk,58.2,68.2667,16.64,79,24,1.56,RU,1722883482
375,sona,45.4388,10.8255,29.44,48,0,1.54,IT,1722883483
376,ilabaya,-17.4208,-70.5133,21.86,35,0,4.25,PE,1722883484
377,anadyr,64.75,177.4833,1.67,93,75,6.0,RU,1722883485
378,bhera,32.4832,72.9097,32.24,63,66,2.54,PK,1722883486
379,coquimbo,-29.9533,-71.3436,15.85,63,0,4.63,CL,1722883359
380,suva,-18.1416,178.4415,16.71,100,40,1.03,FJ,1722883488
381,mataram,-8.5833,116.1167,23.45,85,24,3.61,ID,1722883265
382,prince rupert,54.3161,-130.3201,15.05,94,0,2.06,CA,1722883490
383,chumphon,10.3333,98.8333,23.4,95,94,0.83,TH,1722883491
384,veraval,20.9,70.3667,27.46,87,99,8.47,IN,1722883214
385,la junta,37.985,-103.5438,33.95,28,0,3.6,US,1722883493
386,egilsstadir,65.2653,-14.3948,9.95,93,75,5.14,IS,1722883495
387,lai,9.3952,16.2989,24.23,83,100,1.58,TD,1722883496
388,inirida,3.8653,-67.9239,29.53,68,69,0.76,CO,1722883497
389,chaozhou,23.6651,116.6379,25.92,90,9,1.22,CN,1722883498
390,nadi,-17.8,177.4167,17.0,77,20,0.0,FJ,1722883499
391,gejiu,23.306,103.1635,15.42,98,72,0.7,CN,1722883500
392,kudahuvadhoo,2.6708,72.8944,28.37,73,100,3.69,MV,1722883501
393,akrehamn,59.2667,5.1833,18.13,72,75,8.23,NO,1722883504
394,bowen,-20.0167,148.2333,15.99,93,100,2.74,AU,1722883505
395,juigalpa,12.1063,-85.3645,32.95,52,40,3.09,NI,1722883323
396,zamora,-4.0692,-78.9567,30.58,63,63,2.09,EC,1722883507
397,kimberley,-28.7323,24.7623,5.83,93,0,2.57,ZA,1722883508
398,sonoita,31.85,-112.8333,36.34,35,82,2.23,MX,1722883509
399,lamu,-2.2717,40.902,23.86,78,17,6.29,KE,1722883510
400,as samawah,31.332,45.2944,38.07,12,0,2.58,IQ,1722883513
401,cranbrook,49.4999,-115.7688,16.91,82,75,1.03,CA,1722883514
402,ringim,12.1548,9.1619,26.43,72,100,3.48,NG,1722883515
403,victorica,-36.2151,-65.4359,17.94,31,100,7.3,AR,1722883516
404,akbarpur,26.4167,82.55,30.68,64,100,2.64,IN,1722883517
405,alice springs,-23.7,133.8833,2.75,100,0,0.0,AU,1722883518
406,nova vicosa,-17.8919,-39.3719,24.9,64,0,3.78,BR,1722883519
407,jeremie,18.65,-74.1167,30.76,69,39,2.05,HT,1722883520
408,ostrovskoye,57.8057,42.2433,15.14,96,100,1.97,RU,1722883521
409,ambon,-3.6954,128.1814,26.6,95,40,1.03,ID,1722883523
410,rafsanjan,30.4067,55.9939,31.65,20,0,5.3,IR,1722883524
411,nagqu,31.5,92.0,4.73,78,3,1.02,CN,1722883525
412,lodja,-3.4833,23.4333,25.55,32,38,0.78,CD,1722883526
413,mil'kovo,55.6078,37.7956,19.85,65,4,2.04,RU,1722883527
414,zheleznogorsk-ilimskiy,56.5768,104.1217,12.34,74,0,0.4,RU,1722883528
415,yuzhno-kurilsk,44.0306,145.8556,16.13,99,100,2.58,RU,1722883529
416,tyre,33.2733,35.1939,28.96,67,0,2.85,LB,1722883530
417,taoudenni,22.6783,-3.9836,42.48,11,13,3.81,ML,1722883532
418,san justo,-30.7891,-60.5919,16.66,86,100,2.24,AR,1722883533
419,labrador city,52.9463,-66.9114,14.54,61,100,7.6,CA,1722883534
420,loa janan,-0.583,117.095,22.87,99,100,0.9,ID,1722883535
421,kajaani,64.2273,27.7285,16.03,77,0,2.57,FI,1722883536
422,taltal,-25.4,-70.4833,16.24,68,24,3.07,CL,1722883537
423,runaway bay,18.4596,-77.3357,30.45,75,93,6.63,JM,1722883538
424,emerald,-23.5333,148.1667,13.52,83,78,1.78,AU,1722883539
425,leiyang,26.4024,112.8591,25.39,88,98,2.3,CN,1722883540
426,barra do corda,-5.5,-45.25,36.17,18,5,2.77,BR,1722883541
427,tobruk,32.0836,23.9764,27.57,76,0,4.83,LY,1722883542
428,gibara,21.1097,-76.1317,34.62,63,100,7.43,CU,1722883543
429,alofi,-19.0595,-169.9187,21.94,94,100,2.06,NU,1722883544
430,alo,6.5486,4.2686,25.18,82,100,4.86,NG,1722883547
431,la porte,29.6658,-95.0194,34.7,59,75,3.6,US,1722883548
432,uvira,-3.4067,29.1458,24.31,53,99,0.67,CD,1722883549
433,crediton,50.7833,-3.65,19.77,85,75,6.17,GB,1722883555
434,nadym,65.5333,72.5167,8.49,68,73,5.57,RU,1722883557
435,khenifra,32.9333,-5.6667,32.65,14,4,4.0,MA,1722883558
436,portland,45.5234,-122.6762,25.22,51,0,1.79,US,1722882990
437,santa ana,33.7456,-117.8678,32.68,45,40,3.6,US,1722883560
438,dos hermanas,37.2829,-5.9209,32.59,40,0,5.66,ES,1722883561
439,isla mujeres,21.2311,-86.731,32.87,66,19,5.71,MX,1722883562
440,entebbe,0.0644,32.4469,23.18,60,0,0.0,UG,1722883563
441,kankaanpaa,61.8,22.4167,19.42,78,99,1.32,FI,1722883565
442,monrovia,6.3005,-10.7969,26.87,82,49,5.32,LR,1722883527
443,singkil,-7.9855,111.4161,20.94,93,100,1.86,ID,1722883567
444,kloulklubed,7.0419,134.2556,27.28,74,100,4.21,PW,1722883568
445,bubaque,11.2833,-15.8333,26.4,84,100,6.35,GW,1722883569
446,qingyuan,23.7,113.0333,29.99,81,100,0.06,CN,1722883570
447,nacozari viejo,30.4,-109.65,32.67,34,0,0.3,MX,1722883571
448,wau,7.7029,27.9953,22.37,83,100,0.17,SS,1722883572
449,sitka,57.0531,-135.33,18.94,63,20,0.0,US,1722883573
450,mino,34.8269,135.4706,27.65,71,75,3.09,JP,1722883574
451,ajnala,31.8425,74.7589,30.98,94,85,1.03,IN,1722883583
452,chios,38.3678,26.1358,29.92,66,0,4.63,GR,1722883585
453,kapit,2.0167,112.9333,22.33,97,32,0.23,MY,1722883587
454,swift current,50.2834,-107.8014,23.45,43,0,5.14,CA,1722883589
455,chancay,-11.5714,-77.2672,18.75,75,18,5.27,PE,1722883593
456,petrolina,-9.3986,-40.5008,31.03,35,40,6.69,BR,1722883596
457,mccook,40.2019,-100.6257,32.03,37,0,4.12,US,1722883598
458,gusinje,42.5638,19.8333,16.21,78,100,1.88,ME,1722883601
459,jalai nur,49.45,117.7,19.08,59,98,2.83,CN,1722883602
460,queenstown,-31.8976,26.8753,8.99,25,0,2.73,ZA,1722883604
461,lincoln city,44.9582,-124.0179,19.03,80,0,4.92,US,1722883425
462,fria,10.4167,-13.5833,25.12,97,100,1.81,GN,1722883606
463,weno,7.4515,151.8468,26.97,83,75,2.06,FM,1722883607
464,kayangel,8.0823,134.7173,28.54,75,100,4.42,PW,1722883608
465,enoch,37.7733,-113.0244,33.29,22,0,2.06,US,1722883609
466,huinan,42.6225,126.2614,21.17,95,28,1.46,CN,1722883611
467,chudniv,50.052,28.1175,18.2,73,100,3.43,UA,1722883612
468,achacachi,-16.05,-68.6833,12.29,43,0,6.63,BO,1722883613
469,adrar,20.5022,-10.0711,39.25,16,0,3.78,MR,1722883614
470,massakory,12.996,15.7293,24.6,87,100,0.58,TD,1722883615
471,tofol,5.3248,163.0078,28.07,77,100,4.13,FM,1722883616
472,sheikhpura,25.15,85.85,30.99,65,100,2.28,IN,1722883617
473,nar'yan-mar,67.6713,53.087,6.49,83,3,5.36,RU,1722883618
474,usogorsk,63.4106,48.6872,13.54,95,100,1.84,RU,1722883619
475,gidole,5.65,37.3667,15.65,76,99,1.29,ET,1722883620
476,quellon,-43.1167,-73.6167,7.96,94,100,8.3,CL,1722883593
477,estevan,49.1334,-102.9842,14.11,94,100,5.14,CA,1722883622
478,bintulu,3.1667,113.0333,25.23,94,40,2.06,MY,1722883623
479,bonthe,7.5264,-12.505,25.18,86,74,4.73,SL,1722883625
480,moberly,39.4184,-92.4382,33.57,44,0,4.63,US,1722883454
481,puerto aysen,-45.4,-72.7,5.02,96,100,2.2,CL,1722883356
482,acarau,-2.8856,-40.12,28.39,62,100,9.66,BR,1722883631
483,santo antonio,-6.3106,-35.4789,27.32,53,37,7.35,BR,1722883632
484,soio,-6.1349,12.3689,21.08,79,28,3.85,AO,1722883649
485,north platte,41.1239,-100.7654,33.94,33,0,6.69,US,1722883651
486,yovon,38.3141,69.0378,26.82,21,0,2.42,TJ,1722883652
487,nova londrina,-22.7658,-52.985,32.93,20,0,4.79,BR,1722883653
488,al mijlad,11.0333,27.7333,28.83,58,96,4.15,SD,1722883655
489,farasan,16.7022,42.1183,30.85,83,97,1.15,SA,1722883656
490,midland,31.9974,-102.0779,31.1,40,0,3.6,US,1722883438
491,wenling,28.3669,121.36,26.27,88,0,1.2,CN,1722883658
492,abadeh,31.1608,52.6506,30.95,18,0,2.06,IR,1722883659
493,gourcy,13.2167,-2.35,28.14,68,81,3.71,BF,1722883660
494,medicine hat,50.0501,-110.6683,23.61,50,75,5.66,CA,1722883500
495,kiunga,-6.1219,141.2906,22.66,99,97,1.42,PG,1722883663
496,uturoa,-16.7333,-151.4333,25.82,73,100,5.5,PF,1722883666
497,las tablas,7.7667,-80.2833,26.76,99,100,1.25,PA,1722883667
498,amassoma,4.9692,6.1097,24.18,84,95,3.21,NG,1722883668
499,cinisi,38.1562,13.1073,28.56,74,20,5.14,IT,1722883669
500,nantucket,41.2835,-70.0995,26.65,78,0,5.66,US,1722883670
501,denison,33.7557,-96.5367,34.53,46,0,2.24,US,1722883607
502,saudarkrokur,65.7461,-19.6394,10.75,92,100,4.48,IS,1722883672
503,la'ie,21.6477,-157.9253,27.01,73,86,4.47,US,1722883673
504,ak-suu,42.4995,78.527,16.61,68,38,1.56,KG,1722883675
505,zaozersk,69.4005,32.4476,7.93,94,15,2.92,RU,1722883676
506,jaguaruna,-28.615,-49.0256,25.69,84,49,4.36,BR,1722883677
507,salvador,13.8333,-88.9167,30.11,56,11,1.49,SV,1722883679
508,sisimiut,66.9395,-53.6735,7.9,74,85,2.3,GL,1722883683
509,port isabel,26.0734,-97.2086,33.49,75,0,0.89,US,1722883684
510,bom jesus da lapa,-13.255,-43.4181,31.49,27,64,5.53,BR,1722883685
511,dolores,-36.3132,-57.6792,13.59,85,100,6.02,AR,1722883686
512,reynosa,26.0833,-98.2833,35.85,48,20,4.12,MX,1722883687
513,hsinchu,24.8036,120.9686,27.74,86,8,0.89,TW,1722883689
514,usinsk,65.9939,57.5281,10.25,72,99,5.75,RU,1722883690
515,katabu,-4.9333,122.5167,23.76,90,84,3.42,ID,1722883691
516,urengoy,65.9667,78.3667,10.64,67,100,4.75,RU,1722883692
517,kirakira,-10.4544,161.9205,25.34,88,100,4.59,SB,1722883693
518,gulf shores,30.246,-87.7008,34.02,59,20,5.14,US,1722883696
519,plymouth,41.8334,-70.8328,30.28,62,0,3.09,US,1722883697
520,wad az zaki,14.4619,32.2065,28.73,55,62,10.05,SD,1722883698
521,anna regina,7.2644,-58.5077,29.7,68,96,3.97,GY,1722883700
522,susuman,62.7833,148.1667,11.06,66,94,2.84,RU,1722883701
523,buritama,-21.0661,-50.1472,32.75,19,0,3.46,BR,1722883702
524,searcy,35.2506,-91.7363,33.25,56,40,0.45,US,1722883703
525,bryne,58.7354,5.6477,17.45,80,75,6.17,NO,1722883705
526,kavaratti,10.5669,72.642,27.12,85,100,5.29,IN,1722883706
527,guatire,10.4762,-66.5427,25.69,87,100,1.01,VE,1722883707
528,lucapa,-8.4192,20.7447,24.18,20,5,0.81,AO,1722883708
529,bata,1.8639,9.7658,24.43,85,93,5.35,GQ,1722883709
530,faro,37.0194,-7.9322,26.9,50,0,2.06,PT,1722883486
531,narrabri,-30.3167,149.7833,10.85,96,100,1.65,AU,1722883715
532,caldwell,43.6629,-116.6874,35.86,30,0,0.0,US,1722883716
533,antofagasta,-23.65,-70.4,15.6,82,46,4.19,CL,1722883293
534,uffenheim,49.5333,10.25,22.55,49,0,1.54,DE,1722883719
535,hithadhoo,-0.6,73.0833,28.53,73,100,1.46,MV,1722883720
536,fale old settlement,-9.3852,-171.2468,27.46,78,100,4.51,TK,1722883721
537,charters towers,-20.1,146.2667,12.81,92,27,1.86,AU,1722883722
538,port shepstone,-30.7414,30.455,15.19,68,43,1.76,ZA,1722883723
539,beaugency,47.7802,1.6271,26.15,63,0,2.85,FR,1722883728
540,zaruma,-3.6833,-79.6167,28.08,61,82,3.18,EC,1722883730
541,pointe-du-lac,46.2869,-72.6845,20.77,71,100,6.17,CA,1722883731
542,ranau,5.9538,116.6641,21.14,94,89,0.52,MY,1722883732
543,nemuro,43.3236,145.575,16.56,100,100,1.0,JP,1722883735
544,sassandra,4.95,-6.0833,23.52,89,98,3.48,CI,1722883736
545,aldinga beach,-35.2793,138.4604,8.63,91,100,3.08,AU,1722883737
546,nabire,-3.3667,135.4833,23.44,93,99,1.47,ID,1722883740
547,chom thong,18.4174,98.6743,26.14,93,100,1.58,TH,1722883741
548,ezhva,61.8128,50.7283,16.88,100,100,3.0,RU,1722883742
549,manay,7.215,126.5397,24.32,77,100,2.77,PH,1722883745
550,talakan,50.3167,130.3667,18.82,99,100,1.99,RU,1722883746
551,gagliano del capo,39.8442,18.3695,28.68,45,0,5.66,IT,1722883747
552,andergrove,-21.0833,149.1833,12.49,92,26,2.72,AU,1722883748
553,puerto carreno,6.189,-67.4859,29.99,66,20,1.54,CO,1722883750
554,yantzaza,-3.8278,-78.7594,28.53,56,68,2.14,EC,1722883751
555,amga,60.8953,131.9608,9.92,96,100,3.78,RU,1722883753
556,choyr,46.3611,108.3611,16.2,66,6,1.81,MN,1722883754
557,manta,-0.95,-80.7333,26.88,74,20,6.69,EC,1722883767
558,gadzhiyevo,69.2551,33.3362,10.58,79,2,2.61,RU,1722883768
559,naze,28.3667,129.4833,27.51,86,0,3.25,JP,1722883769
560,makanya,-4.3667,37.8333,21.12,63,5,2.29,TZ,1722883770
561,keflavik,64.0049,-22.5624,13.24,94,75,4.12,IS,1722883774
562,hunchun,42.8675,130.3581,20.67,99,100,1.13,CN,1722883775
563,zhaoqing,23.0512,112.4597,27.76,80,100,0.87,CN,1722883696
564,desaguadero,-16.5656,-69.0417,12.86,38,34,7.32,PE,1722883778
565,petatlan,17.5167,-101.2667,31.89,55,100,3.76,MX,1722883779
566,pampa,35.5362,-100.9599,34.02,27,0,4.12,US,1722883641
567,kilinochchi,9.3961,80.3982,25.98,87,100,3.91,LK,1722883781
568,corfu,39.62,19.9197,30.88,37,20,4.12,GR,1722883782
569,ta`u,-14.2336,-169.5144,25.6,76,26,2.75,AS,1722883783
570,gordonvale,-17.0936,145.7842,17.12,100,33,1.83,AU,1722883784
571,heiningen,48.6618,9.6498,20.73,78,12,1.28,DE,1722883787
572,maceio,-9.6658,-35.7353,24.69,78,75,3.6,BR,1722883597
573,tralee,52.2704,-9.7026,14.77,76,0,3.9,IE,1722883790
574,boyolangu,-8.1181,111.8935,21.2,95,70,0.51,ID,1722883791
575,gotsucho,35.0,132.2167,25.07,86,95,1.18,JP,1722883792
576,capinota,-17.7167,-66.2333,23.67,21,14,4.54,BO,1722883794
577,atbara,17.7022,33.9864,25.53,85,100,10.06,SD,1722883795
